Num_Acc;id_vehicule;num_veh;senc;catv;obs;obsm;choc;manv;motor;occutc
202400019063;155 748 200;B01;1;10;0;9;2;1;1;
202400019063;155 748 202;A01;2;30;0;2;1;19;1;
202400019233;155 747 900;A01;1;7;0;2;1;1;1;
202400019233;155 747 901;C01;2;7;0;0;1;1;1;
202400019233;155 747 904;B01;2;7;0;0;1;1;1;
202400019307;155 747 776;A01;1;7;0;2;5;16;2;
202400019307;155 747 777;B01;1;50;0;2;8;1;3;
202400019311;155 747 771;A01;1;2;0;9;6;15;1;
202400019311;155 747 772;B01;1;2;0;9;1;1;1;
202400019312;155 747 767;A01;1;7;0;0;1;17;1;
202400019315;155 747 765;A01;1;7;8;0;7;26;1;
202400019387;155 747 657;A01;2;7;0;1;2;0;1;
202400019548;155 747 376;B01;1;7;0;2;3;1;1;
202400019548;155 747 377;C01;3;7;0;2;6;26;2;
202400019548;155 747 378;A01;3;2;0;2;1;9;1;
202400019717;155 747 074;A01;3;7;0;9;3;11;1;
202400019717;155 747 075;B01;2;2;0;2;2;1;1;
202400019719;155 747 067;Z01;1;2;0;2;0;26;1;
202400019719;155 747 069;A01;1;7;0;2;3;26;1;
202400019811;155 746 904;A01;1;30;0;2;1;1;1;
202400019811;155 746 905;B01;1;10;0;2;4;23;1;
202400019812;155 746 899;A01;3;50;0;0;0;1;3;
202400020070;155 746 461;A01;1;7;8;0;9;1;1;
202400020087;155 746 431;A01;1;32;0;2;1;17;1;
202400020087;155 746 435;B01;1;7;0;2;2;2;1;
202400020138;155 746 348;A01;2;10;0;2;1;13;1;
202400020138;155 746 350;B01;2;7;0;2;1;1;1;
202400020138;155 746 351;C01;2;7;0;2;8;1;1;
202400020138;155 746 355;D01;2;7;0;2;0;9;1;
202400020145;155 746 331;A01;1;7;0;1;2;1;1;
202400020186;155 746 248;A01;1;7;0;9;3;15;1;
202400020186;155 746 251;B01;2;50;0;2;1;1;3;
202400020190;155 746 241;A01;1;50;0;2;1;1;3;
202400020190;155 746 245;B01;1;7;0;2;4;1;3;
202400020193;155 746 235;B01;1;33;0;2;2;1;1;
202400020193;155 746 237;A01;1;7;0;2;3;9;1;
202400020219;155 746 185;A01;3;7;0;2;1;1;1;
202400020219;155 746 186;B01;3;7;0;2;1;1;1;
202400020223;155 746 178;A01;1;7;0;2;2;14;1;
202400020223;155 746 180;B01;1;2;0;2;2;18;1;
202400020426;155 745 804;A01;1;50;1;0;1;14;3;
202400020426;155 745 805;B01;1;7;0;2;6;0;1;
202400020598;155 745 494;A01;1;7;0;2;1;1;1;
202400020598;155 745 495;B01;2;99;0;2;2;1;1;
202400020886;155 744 971;A01;3;50;14;0;7;1;3;
202400020887;155 744 969;A01;1;2;0;2;1;1;0;
202400020887;155 744 970;B01;2;7;0;2;5;16;1;
202400020888;155 744 967;A01;3;7;0;2;2;17;1;
202400020888;155 744 968;B01;3;7;0;2;6;15;1;
202400021127;155 744 564;B01;1;32;0;0;4;16;1;
202400021127;155 744 565;A01;1;7;0;2;1;16;1;
202400021142;155 744 537;A01;1;7;0;2;6;19;1;
202400021142;155 744 539;B01;1;33;0;2;1;26;1;
202400021151;155 744 523;B01;2;50;0;2;3;15;3;
202400021151;155 744 524;A01;1;7;0;2;2;1;1;
202400021159;155 744 511;B01;1;10;0;9;1;15;1;
202400021159;155 744 513;A01;2;2;0;2;1;1;1;
202400021229;155 744 391;A01;3;30;0;2;2;15;1;
202400021229;155 744 394;B01;3;7;0;2;3;1;1;
202400021239;155 744 375;A01;1;30;0;2;4;14;1;
202400021239;155 744 378;Z01;1;7;0;2;1;1;0;
202400021243;155 744 369;A01;1;7;0;2;7;15;1;
202400021243;155 744 371;B01;1;2;0;2;1;1;1;
202400021595;155 743 768;A01;1;7;0;2;1;5;1;
202400021595;155 743 770;B01;2;7;0;2;1;1;2;
202400021595;155 743 771;C01;2;7;0;2;1;1;1;
202400021675;155 743 623;B01;1;7;0;2;3;1;1;
202400021675;155 743 624;A01;2;50;0;2;0;15;3;
202400021677;155 743 617;A01;1;7;0;2;3;1;1;
202400021677;155 743 619;B01;1;7;0;2;1;9;2;
202400021740;155 743 513;A01;1;2;0;0;0;1;1;
202400021742;155 743 508;A01;2;7;12;0;2;14;1;
202400022002;155 743 062;B01;2;32;0;2;1;1;1;
202400022002;155 743 067;A01;1;7;0;2;7;15;1;
202400022007;155 743 056;A01;1;50;1;0;1;16;3;
202400022007;155 743 059;B01;1;7;0;2;6;0;1;
202400022010;155 743 050;B01;1;50;0;2;9;1;3;
202400022010;155 743 051;A01;1;10;0;2;5;16;1;
202400022014;155 743 045;A01;1;2;0;2;7;2;1;
202400022014;155 743 046;Z01;1;7;0;2;1;0;0;
202400022017;155 743 039;Z01;1;7;0;1;2;9;0;
202400022248;155 742 641;B01;1;33;0;0;0;1;1;
202400022251;155 742 635;B01;1;2;0;2;4;15;1;
202400022251;155 742 638;Z01;1;7;0;2;3;1;1;
202400022510;155 742 187;A01;1;7;0;2;3;15;1;
202400022510;155 742 188;B01;1;50;0;2;0;0;3;
202400022768;155 741 697;A01;2;1;0;2;4;1;5;
202400022768;155 741 698;Z01;1;7;0;2;1;14;0;
202400022769;155 741 695;B01;2;37;0;2;1;1;1;1
202400022769;155 741 696;A01;1;7;0;2;1;17;1;
202400022977;155 741 322;A01;1;7;0;2;1;9;1;
202400022977;155 741 323;B01;3;50;0;2;7;1;3;
202400022980;155 741 318;B01;3;31;0;2;1;1;1;
202400022980;155 741 320;A01;3;7;0;2;3;1;1;
202400022981;155 741 315;A01;1;7;0;2;5;14;1;
202400022981;155 741 316;B01;1;2;0;2;1;1;1;
202400023030;155 741 225;B01;2;1;0;0;4;13;5;
202400023030;155 741 227;A01;2;10;0;2;2;13;1;
202400023032;155 741 222;B01;1;1;0;0;8;1;5;
202400023032;155 741 223;A01;1;7;0;2;2;2;1;
202400023066;155 741 156;A01;2;7;0;2;1;1;1;
202400023066;155 741 159;B01;1;50;0;0;4;14;3;
202400023120;155 741 051;A01;1;7;0;2;6;2;1;
202400023120;155 741 053;Z01;1;30;0;2;1;2;0;
202400023121;155 741 046;A01;1;10;0;2;4;26;1;
202400023121;155 741 048;Z01;1;2;0;2;4;26;1;
202400023343;155 740 653;A01;3;7;1;0;2;1;1;
202400023343;155 740 654;B01;2;2;0;0;4;23;1;
202400023388;155 740 565;A01;1;7;0;2;3;15;1;
202400023388;155 740 567;B01;2;2;0;2;1;1;1;
202400023389;155 740 563;A01;2;37;0;1;1;1;1;1
202400023483;155 740 398;A01;2;7;0;2;3;15;1;
202400023483;155 740 399;B01;2;2;0;2;2;17;1;
202400023529;155 740 313;A01;1;7;0;0;9;1;1;
202400023599;155 740 183;A01;1;37;0;1;1;1;1;1
202400023601;155 740 176;A01;3;1;0;0;1;1;5;
202400023977;155 739 516;A01;1;7;13;2;1;13;1;
202400023977;155 739 519;B01;1;7;0;2;2;23;1;
202400024214;155 739 102;A01;1;7;0;2;3;1;1;
202400024214;155 739 107;B01;3;7;0;2;2;1;1;
202400024364;155 738 852;A01;1;2;0;1;1;1;1;
202400024674;155 738 312;A01;1;1;0;2;7;19;5;
202400024674;155 738 313;B01;2;34;0;2;1;1;1;
202400024675;155 738 310;A01;2;7;0;9;2;16;1;
202400024675;155 738 311;B01;1;50;0;2;1;2;3;
202400024676;155 738 307;C01;1;7;0;9;6;24;1;
202400024676;155 738 308;A01;1;7;0;2;3;15;1;
202400024676;155 738 309;B01;2;30;1;2;1;1;1;
202400024677;155 738 305;A01;1;2;0;2;5;9;1;
202400024677;155 738 306;Z01;1;7;0;2;5;0;0;
202400024748;155 738 182;A01;1;2;0;1;1;1;1;
202400024886;155 737 954;A01;2;7;0;2;3;9;1;
202400024886;155 737 955;B01;1;2;0;2;7;1;1;
202400025701;155 736 468;A01;3;7;0;2;6;14;1;
202400025701;155 736 469;B01;3;50;0;2;1;14;3;
202400025731;155 736 417;A01;1;50;0;2;1;19;3;
202400025731;155 736 420;B01;1;1;0;2;7;1;5;
202400025837;155 736 235;A01;1;7;2;0;1;0;1;
202400025958;155 736 019;A01;1;7;0;2;2;19;1;
202400025958;155 736 022;B01;1;2;0;2;1;1;1;
202400025965;155 736 004;A01;1;10;0;2;7;12;1;
202400025965;155 736 008;B01;1;33;0;2;1;1;1;
202400025965;155 736 011;C01;1;7;0;2;6;1;1;
202400026099;155 735 757;B01;1;2;0;2;4;1;1;
202400026099;155 735 760;A01;1;2;0;2;1;1;1;
202400026100;155 735 750;A01;1;7;16;0;6;11;1;
202400026100;155 735 754;B01;2;2;0;2;7;1;1;
202400026155;155 735 654;A01;3;50;0;1;1;1;3;
202400026371;155 735 289;A01;3;7;0;1;3;15;1;
202400026420;155 735 198;B01;2;1;0;2;0;19;5;
202400026420;155 735 199;A01;1;10;0;2;0;1;1;
202400026425;155 735 189;Z01;3;50;0;1;1;1;3;
202400026426;155 735 187;A01;1;30;12;0;8;1;1;
202400026616;155 734 860;A01;1;50;0;0;0;1;3;
202400026617;155 734 858;A01;2;50;0;2;7;17;3;
202400026617;155 734 859;B01;2;7;0;2;3;15;1;
202400026618;155 734 857;A01;3;2;0;0;0;1;0;
202400026619;155 734 856;A01;3;50;14;0;1;1;3;
202400026620;155 734 854;B01;2;7;0;2;3;13;1;
202400026620;155 734 855;A01;1;7;0;2;3;1;1;
202400026621;155 734 852;A01;1;7;0;9;8;17;1;
202400026621;155 734 853;B01;2;32;0;2;5;1;1;
202400026735;155 734 650;A01;2;30;0;2;1;3;1;
202400026735;155 734 652;B01;1;7;0;9;5;15;1;
202400027026;155 734 130;B01;3;7;0;2;6;1;1;
202400027026;155 734 131;A01;3;7;0;2;1;19;1;
202400027026;155 734 132;C01;3;7;0;2;4;23;1;
202400027027;155 734 128;A01;2;30;0;2;8;1;1;
202400027027;155 734 129;B01;2;10;0;2;4;1;1;
202400027140;155 733 913;A01;2;2;0;2;1;26;3;
202400027140;155 733 915;B01;1;7;0;2;2;0;1;
202400027142;155 733 910;B01;2;2;0;2;1;1;1;
202400027142;155 733 911;A01;1;7;0;2;2;15;1;
202400027270;155 733 691;A01;1;7;0;2;5;1;1;
202400027270;155 733 692;B01;1;1;0;2;2;2;5;
202400027273;155 733 687;A01;3;50;0;2;2;9;3;
202400027273;155 733 689;B01;1;7;0;2;7;1;1;
202400027275;155 733 684;B01;1;33;0;2;1;21;1;
202400027275;155 733 686;A01;2;10;0;2;1;15;1;
202400027276;155 733 682;A01;1;2;0;0;0;26;1;
202400027309;155 733 622;B01;1;2;1;2;2;1;1;
202400027309;155 733 624;A01;1;7;0;2;3;20;1;
202400027311;155 733 619;A01;2;7;9;0;6;26;2;
202400027316;155 733 612;A01;1;7;0;2;3;15;1;
202400027316;155 733 615;B01;2;2;0;2;2;1;1;
202400027318;155 733 607;A01;1;7;0;2;7;1;2;
202400027318;155 733 609;B01;2;50;0;2;1;9;3;
202400027759;155 732 849;Z01;3;2;0;1;0;0;0;
202400028040;155 732 354;A01;3;7;8;9;1;1;1;
202400028045;155 732 348;A01;1;50;0;2;8;19;3;
202400028045;155 732 351;B01;1;7;0;2;1;1;3;
202400028048;155 732 342;A01;2;30;0;1;1;13;1;
202400028133;155 732 199;A01;1;30;12;2;7;11;1;
202400028133;155 732 201;B01;2;7;0;2;2;21;0;
202400028194;155 732 091;B01;1;7;0;2;2;2;1;
202400028194;155 732 093;A01;1;2;0;0;6;0;1;
202400028233;155 732 032;A01;1;32;0;2;7;17;1;
202400028233;155 732 035;B01;1;7;0;9;2;19;1;
202400028297;155 731 923;B01;3;2;0;2;1;15;1;
202400028297;155 731 927;A01;3;7;0;2;7;1;0;
202400028602;155 731 407;A01;1;7;0;2;0;9;1;
202400028602;155 731 408;B01;1;2;0;2;1;1;3;
202400028616;155 731 382;B01;3;7;0;2;3;26;1;
202400028616;155 731 383;A01;3;30;0;2;2;15;1;
202400028874;155 730 936;A01;0;7;0;9;2;1;1;
202400028874;155 730 937;B01;0;80;1;0;4;0;3;
202400028919;155 730 859;A01;2;7;0;2;7;17;1;
202400028919;155 730 860;B01;2;2;0;2;8;1;1;
202400029085;155 730 561;A01;3;10;0;2;3;15;1;
202400029085;155 730 563;B01;1;10;0;2;3;23;1;
202400029212;155 730 325;A01;2;10;0;2;3;15;1;
202400029212;155 730 326;B01;1;2;0;2;1;1;1;
202400029323;155 730 136;B01;1;7;0;2;3;9;1;
202400029323;155 730 139;A01;1;2;0;2;2;1;1;
202400029338;155 730 109;A01;1;2;0;0;0;2;1;
202400029578;155 729 672;A01;3;7;0;2;1;15;1;
202400029578;155 729 675;B01;3;50;0;2;1;1;3;
202400029826;155 729 235;B01;3;2;0;2;7;9;1;
202400029826;155 729 239;A01;1;7;0;2;0;0;0;
202400030083;155 728 792;A01;2;30;0;2;7;1;1;
202400030083;155 728 794;Z01;3;7;0;2;7;0;0;
202400030086;155 728 789;A01;1;33;0;0;0;13;1;
202400030197;155 728 582;A01;2;3;0;1;1;1;1;
202400030420;155 728 190;A01;2;7;0;1;3;1;1;
202400030421;155 728 188;A01;2;7;0;9;2;0;1;
202400030421;155 728 189;B01;1;50;0;2;7;0;3;
202400030422;155 728 186;A01;1;7;0;2;7;15;1;
202400030422;155 728 187;B01;2;2;0;2;1;1;1;
202400030631;155 727 843;A01;1;10;4;0;1;1;1;
202400030649;155 727 806;A01;2;7;0;2;2;0;1;
202400030649;155 727 807;B01;1;7;0;2;1;0;1;
202400030680;155 727 756;A01;1;50;0;0;0;1;3;
202400030682;155 727 752;A01;1;7;0;2;1;2;1;
202400030682;155 727 753;B01;1;7;0;2;4;2;1;
202400030928;155 727 319;B01;1;10;0;2;3;1;0;
202400030928;155 727 321;A01;1;7;0;2;1;19;2;
202400031002;155 727 177;B01;1;2;0;2;7;10;1;
202400031002;155 727 179;A01;2;7;0;2;3;1;1;
202400031164;155 726 891;A01;1;2;0;2;1;1;1;
202400031164;155 726 892;B01;2;7;0;2;3;15;1;
202400031223;155 726 782;A01;1;7;0;0;7;6;1;
202400031223;155 726 783;B01;2;2;0;2;1;1;1;
202400031286;155 726 664;B01;2;2;0;2;7;1;1;
202400031286;155 726 665;A01;1;7;0;9;3;9;1;
202400031572;155 726 159;A01;2;7;0;2;5;13;1;
202400031572;155 726 161;B01;1;2;0;2;8;16;1;
202400031576;155 726 152;A01;1;7;0;2;8;19;1;
202400031576;155 726 156;B01;1;7;0;2;1;1;1;
202400031619;155 726 083;B01;1;7;0;0;8;5;1;
202400031619;155 726 086;A01;2;10;0;0;0;5;1;
202400031622;155 726 077;A01;2;7;0;0;1;1;1;
202400031622;155 726 078;B01;1;7;0;0;1;0;1;
202400031655;155 726 021;A01;1;30;0;0;7;1;1;
202400031725;155 725 894;B01;2;30;0;2;1;1;1;
202400031725;155 725 897;A01;0;30;0;2;1;16;1;
202400031728;155 725 883;C01;3;7;0;2;3;24;1;
202400031728;155 725 885;D01;3;7;0;2;3;24;1;
202400031728;155 725 888;A01;2;7;1;2;3;13;1;
202400031728;155 725 891;B01;1;32;0;2;1;1;1;
202400031967;155 725 442;A01;2;7;8;0;2;13;1;
202400032058;155 725 269;A01;1;7;0;2;3;9;1;
202400032058;155 725 271;B01;1;2;0;2;7;16;1;
202400032060;155 725 266;A01;3;7;0;0;1;13;1;
202400032062;155 725 262;A01;1;2;0;2;9;1;1;
202400032062;155 725 264;B01;1;7;0;2;8;16;1;
202400032327;155 724 786;A01;1;7;0;9;7;16;1;
202400032327;155 724 787;B01;1;2;0;2;1;1;1;
202400032328;155 724 784;A01;2;7;0;2;1;5;1;
202400032328;155 724 785;B01;1;7;0;2;1;1;1;
202400032487;155 724 507;A01;2;7;0;2;7;16;1;
202400032487;155 724 508;B01;2;2;0;2;1;1;1;
202400032488;155 724 504;A01;1;30;0;2;3;1;3;
202400032488;155 724 505;B01;1;7;0;2;2;14;1;
202400032488;155 724 506;C01;1;7;0;2;8;0;1;
202400032489;155 724 502;A01;2;7;0;2;7;12;1;
202400032489;155 724 503;B01;2;2;0;2;8;1;1;
202400032547;155 724 404;A01;1;30;0;0;0;1;1;
202400032548;155 724 402;B01;1;7;0;2;8;19;1;
202400032548;155 724 403;A01;3;7;0;2;1;19;1;
202400032660;155 724 216;A01;1;7;0;2;3;0;1;
202400032660;155 724 217;B01;2;7;0;2;3;0;1;
202400032719;155 724 108;Z01;2;7;0;2;0;0;0;
202400032719;155 724 109;A01;2;50;0;2;0;0;3;
202400032722;155 724 103;A01;1;7;1;0;0;22;1;
202400032722;155 724 104;B01;1;2;0;2;8;22;1;
202400032724;155 724 100;A01;1;2;0;0;0;1;1;
202400032727;155 724 097;A01;1;30;0;0;7;26;1;
202400032785;155 724 002;A01;1;7;0;2;1;0;1;
202400032785;155 724 004;B01;2;7;0;2;3;0;1;
202400032789;155 723 997;A01;0;33;1;0;1;14;1;
202400032789;155 723 999;B01;0;7;0;2;2;23;1;
202400032887;155 723 821;A01;1;7;0;2;3;1;1;
202400032887;155 723 823;B01;2;2;0;2;1;1;1;
202400033049;155 723 544;A01;1;2;0;2;1;0;1;
202400033049;155 723 545;B01;2;7;6;2;3;1;1;
202400033056;155 723 531;A01;2;7;0;2;7;1;1;
202400033056;155 723 532;B01;1;7;0;2;1;1;1;
202400033163;155 723 336;A01;1;30;0;0;0;14;1;
202400033166;155 723 332;A01;1;30;0;9;1;9;1;
202400033170;155 723 325;A01;1;7;0;2;5;15;1;
202400033170;155 723 328;B01;2;33;0;2;1;1;1;
202400033426;155 722 873;A01;2;7;0;2;3;13;1;
202400033426;155 722 877;B01;1;7;0;2;3;1;1;
202400033426;155 722 879;C01;1;10;0;2;1;1;1;
202400033536;155 722 678;A01;1;50;0;2;1;5;3;
202400033536;155 722 681;B01;2;7;0;2;2;23;1;
202400033679;155 722 450;A01;1;7;0;2;5;15;1;
202400033679;155 722 455;B01;1;32;0;2;3;2;1;
202400033883;155 722 092;A01;1;2;0;2;1;2;1;
202400033883;155 722 096;B01;1;7;0;2;4;16;1;
202400033955;155 721 965;A01;1;30;0;0;0;0;1;
202400034223;155 721 483;A01;1;10;0;2;3;13;1;
202400034223;155 721 485;B01;2;34;0;2;1;13;1;
202400034393;155 721 184;A01;0;31;0;9;1;2;1;
202400034393;155 721 185;B01;0;1;0;0;8;2;5;
202400034397;155 721 177;A01;1;10;0;2;2;15;1;
202400034397;155 721 178;B01;2;33;0;2;1;1;1;
202400034397;155 721 180;C01;2;33;0;2;1;1;1;
202400034444;155 721 088;A01;1;2;0;0;0;26;1;
202400034472;155 721 034;A01;1;7;0;1;2;1;1;
202400034475;155 721 029;A01;1;10;0;1;6;1;1;
202400034685;155 720 660;A01;3;7;0;2;2;1;1;
202400034685;155 720 662;B01;3;1;0;2;1;1;5;
202400034687;155 720 657;A01;2;7;0;1;2;1;1;
202400034690;155 720 653;A01;2;7;0;9;1;9;0;
202400034690;155 720 654;B01;1;2;0;2;6;23;1;
202400034692;155 720 648;B01;2;2;0;2;7;1;1;
202400034692;155 720 650;A01;1;7;0;2;1;9;2;
202400034694;155 720 643;A01;1;30;0;2;8;2;1;
202400034694;155 720 645;B01;1;7;0;2;3;2;1;
202400034751;155 720 547;A01;1;7;0;2;5;1;1;
202400034751;155 720 548;B01;1;50;0;2;8;1;3;
202400034754;155 720 541;A01;1;10;0;9;3;15;1;
202400034754;155 720 543;B01;1;2;0;2;1;1;1;
202400034755;155 720 539;A01;2;30;0;0;0;1;1;
202400034758;155 720 534;A01;2;7;0;2;8;1;1;
202400034758;155 720 536;B01;1;2;0;2;1;1;1;
202400034968;155 720 173;A01;1;7;13;0;0;0;0;
202400035003;155 720 098;B01;1;30;0;2;1;1;1;
202400035003;155 720 099;A01;2;50;0;2;1;15;3;
202400035004;155 720 096;B01;2;2;0;2;1;1;1;
202400035004;155 720 097;A01;2;7;0;2;2;15;1;
202400035109;155 719 909;B01;1;1;0;2;8;2;5;
202400035109;155 719 911;A01;1;7;0;2;5;2;1;
202400035115;155 719 900;B01;2;10;0;2;2;16;1;
202400035115;155 719 905;A01;2;50;0;2;1;18;3;
202400035119;155 719 892;A01;3;7;0;2;2;13;1;
202400035119;155 719 895;B01;2;7;0;2;2;26;1;
202400035284;155 719 594;A01;1;30;12;0;1;1;1;
202400035307;155 719 560;A01;1;7;0;2;1;15;1;
202400035307;155 719 563;B01;1;2;0;2;1;15;1;
202400035310;155 719 553;A01;2;7;0;2;7;2;1;
202400035310;155 719 556;B01;2;2;0;2;8;2;1;
202400035695;155 718 836;A01;2;7;0;2;2;15;1;
202400035695;155 718 837;B01;2;2;0;2;1;1;1;
202400035760;155 718 734;A01;1;30;0;0;8;9;1;
202400035765;155 718 725;A01;1;50;0;2;1;1;3;
202400035765;155 718 727;B01;1;7;0;2;4;1;1;
202400035771;155 718 717;B01;2;7;0;2;1;9;1;
202400035771;155 718 719;A01;1;2;0;2;3;9;0;
202400035777;155 718 707;B01;1;7;0;2;1;26;1;
202400035777;155 718 709;A01;1;7;0;2;7;15;1;
202400035780;155 718 698;B01;1;14;0;2;4;2;1;
202400035780;155 718 700;C01;1;7;0;2;1;2;1;
202400035780;155 718 704;A01;1;7;0;2;1;2;1;
202400035785;155 718 694;A01;1;30;0;0;0;26;1;
202400035812;155 718 647;B01;2;7;0;2;3;15;1;
202400035812;155 718 649;A01;2;32;0;2;1;17;1;
202400035816;155 718 642;A01;1;7;0;2;0;13;1;
202400035816;155 718 643;B01;2;2;0;2;1;1;1;
202400035820;155 718 636;B01;2;2;0;2;1;1;1;
202400035820;155 718 639;A01;2;10;0;2;2;15;1;
202400036017;155 718 299;A01;1;7;2;0;1;26;1;
202400036017;155 718 300;B01;2;7;12;0;0;0;1;
202400036053;155 718 233;A01;1;33;0;2;1;0;1;
202400036053;155 718 234;B01;1;7;0;2;8;0;1;
202400036061;155 718 220;C01;3;7;0;0;7;23;1;
202400036061;155 718 221;B01;3;7;1;2;3;23;1;