Num_Acc;id_vehicule;num_veh;senc;catv;obs;obsm;choc;manv;motor;occutc
202400036061;155 718 222;A01;3;7;0;2;3;13;1;
202400036125;155 718 097;B01;1;7;0;2;0;0;0;
202400036125;155 718 099;A01;3;30;0;2;6;15;1;
202400036127;155 718 095;A01;3;7;13;0;0;14;1;
202400036292;155 717 794;A01;3;7;14;2;1;1;1;
202400036292;155 717 795;B01;3;50;14;2;7;0;3;
202400036315;155 717 758;B01;1;2;0;2;1;1;1;
202400036315;155 717 760;A01;2;7;0;2;2;15;1;
202400036381;155 717 647;A01;3;7;0;2;3;15;0;
202400036381;155 717 648;B01;3;50;0;2;3;1;3;
202400036384;155 717 643;B01;1;7;0;2;5;1;1;
202400036384;155 717 644;A01;1;30;0;2;1;16;1;
202400036387;155 717 637;B01;2;2;0;2;1;1;1;
202400036387;155 717 639;A01;2;2;0;2;7;1;1;
202400036667;155 717 123;A01;1;7;0;1;3;26;1;
202400036774;155 716 936;A01;3;36;0;0;1;0;1;
202400036774;155 716 937;B01;3;31;0;0;4;0;1;
202400036927;155 716 663;A01;2;30;0;2;1;15;1;
202400036927;155 716 664;B01;1;30;0;2;1;1;1;
202400037081;155 716 397;B01;1;7;16;0;8;1;1;
202400037081;155 716 401;A01;3;30;0;2;1;19;1;
202400037381;155 715 862;A01;1;7;13;0;9;0;2;
202400037813;155 715 131;A01;3;30;0;0;0;1;1;
202400037815;155 715 127;A01;3;30;0;2;1;13;1;
202400037815;155 715 129;B01;3;10;0;2;1;1;1;
202400037845;155 715 073;A01;1;7;0;9;2;1;1;
202400037845;155 715 076;B01;2;2;0;2;1;1;1;
202400038294;155 714 260;A01;3;2;13;0;7;23;1;
202400038502;155 713 886;A01;3;7;0;0;1;26;1;
202400038505;155 713 882;B01;3;99;0;2;0;0;0;
202400038505;155 713 883;A01;3;7;0;2;1;15;1;
202400038507;155 713 875;A01;1;7;0;2;0;2;1;
202400038507;155 713 878;B01;1;50;0;2;0;1;3;
202400038677;155 713 595;B01;2;7;0;2;7;5;1;
202400038677;155 713 596;A01;1;15;0;2;1;5;1;
202400038749;155 713 460;B01;1;50;0;2;8;9;3;
202400038749;155 713 462;A01;1;7;0;2;7;14;2;
202400038752;155 713 456;A01;2;7;0;2;2;15;1;
202400038752;155 713 458;B01;1;33;0;2;1;1;1;
202400038754;155 713 452;A01;1;30;0;2;1;1;1;
202400038754;155 713 453;Y01;2;1;0;2;1;1;5;
202400038756;155 713 449;A01;2;30;0;2;1;15;1;
202400038756;155 713 450;B01;1;80;0;2;1;1;3;
202400038924;155 713 171;B01;2;2;0;2;1;0;1;
202400038924;155 713 172;A01;1;10;0;2;2;0;1;
202400039331;155 712 459;A01;2;7;0;2;4;1;1;
202400039331;155 712 461;B01;2;10;0;2;1;1;1;
202400039639;155 711 923;B01;2;7;0;9;1;1;1;
202400039639;155 711 928;A01;1;1;0;2;8;19;5;
202400039645;155 711 913;A01;1;7;0;2;3;16;1;
202400039645;155 711 914;B01;1;2;0;2;3;16;1;
202400039815;155 711 613;A01;1;7;0;2;3;1;1;
202400039815;155 711 614;B01;2;7;0;2;3;1;1;
202400039822;155 711 597;B01;2;2;0;0;0;0;1;
202400039822;155 711 598;A01;1;7;0;9;8;15;1;
202400040023;155 711 244;A01;0;7;0;0;2;0;1;
202400040187;155 710 948;A01;1;30;0;0;7;21;1;
202400040511;155 710 375;A01;1;30;0;2;7;14;1;
202400040511;155 710 377;B01;1;7;0;2;1;1;2;
202400040514;155 710 371;A01;1;1;0;9;0;26;5;
202400040517;155 710 366;A01;1;31;0;2;1;1;1;
202400040517;155 710 368;B01;1;7;0;2;5;1;1;
202400040520;155 710 360;A01;1;30;0;2;0;18;1;
202400040520;155 710 362;B01;2;7;0;2;3;15;1;
202400040534;155 710 336;A01;3;7;0;9;2;17;1;
202400040534;155 710 338;B01;3;2;0;2;4;15;1;
202400040537;155 710 330;A01;3;50;0;2;1;1;3;
202400040537;155 710 333;B01;3;80;0;2;4;1;3;
202400040624;155 710 181;B01;1;10;0;2;3;1;1;
202400040624;155 710 183;A01;1;30;0;2;1;1;1;
202400040627;155 710 175;A01;2;2;0;2;0;12;1;
202400040627;155 710 178;B01;2;7;0;2;7;1;2;
202400040631;155 710 169;A01;1;30;0;0;8;1;1;
202400040783;155 709 905;A01;3;2;0;0;7;0;1;
202400040932;155 709 645;A01;1;10;0;2;2;0;1;
202400040932;155 709 647;B01;1;2;0;2;0;0;1;
202400041058;155 709 396;Z01;2;7;0;2;7;2;0;
202400041058;155 709 398;B01;2;2;0;2;8;2;1;
202400041063;155 709 386;B01;3;1;0;2;0;0;5;
202400041063;155 709 389;A01;3;30;0;2;1;17;1;
202400041064;155 709 385;Z01;2;7;0;2;0;19;0;
202400041064;155 709 390;B01;1;2;0;2;0;1;0;
202400041068;155 709 376;A01;1;7;0;2;3;15;1;
202400041068;155 709 382;B01;2;2;0;2;1;1;1;
202400041072;155 709 371;A01;1;50;0;0;0;1;3;
202400041079;155 709 360;A01;2;2;0;2;8;1;1;
202400041079;155 709 362;B01;1;7;0;2;3;1;2;
202400041492;155 708 652;A01;2;7;0;9;3;15;1;
202400041492;155 708 655;B01;1;2;0;2;1;1;1;
202400041496;155 708 646;A01;1;33;0;2;1;2;1;
202400041496;155 708 648;B01;1;7;0;2;4;2;1;
202400041500;155 708 640;A01;3;10;0;2;3;15;0;
202400041500;155 708 641;B01;3;2;0;2;1;1;1;
202400041655;155 708 366;A01;1;7;11;1;3;15;0;
202400041715;155 708 254;A01;3;36;0;0;9;10;1;
202400041731;155 708 222;B01;3;2;0;2;2;17;1;
202400041731;155 708 225;A01;3;7;0;2;6;15;1;
202400041733;155 708 219;B01;2;50;0;2;1;1;3;
202400041733;155 708 221;A01;1;7;0;2;1;1;1;
202400041905;155 707 929;B01;1;1;0;2;1;19;5;
202400041905;155 707 933;A01;1;7;0;2;3;1;1;
202400041908;155 707 924;B01;1;2;0;2;1;1;0;
202400041908;155 707 928;A01;1;7;0;2;3;15;0;
202400041964;155 707 829;A01;3;10;0;2;1;1;1;
202400041964;155 707 832;B01;3;1;0;2;1;1;5;
202400041968;155 707 823;A01;1;7;0;2;1;15;1;
202400041968;155 707 826;B01;1;2;0;2;7;15;1;
202400042271;155 707 299;B01;0;2;0;2;1;1;0;
202400042271;155 707 301;A01;0;7;0;2;3;15;1;
202400042312;155 707 233;A01;2;7;0;9;2;19;1;
202400042312;155 707 236;B01;1;2;0;2;1;1;1;
202400042417;155 707 042;A01;2;7;0;2;1;26;1;
202400042417;155 707 045;B01;1;2;0;2;7;1;3;
202400042419;155 707 034;B01;1;2;0;2;8;9;1;
202400042419;155 707 037;A01;1;7;0;2;5;14;1;
202400042423;155 707 029;A01;1;7;0;2;0;1;0;
202400042423;155 707 032;B01;1;32;12;2;4;1;1;
202400042426;155 707 024;A01;1;2;0;2;2;0;3;
202400042426;155 707 025;B01;2;7;0;2;1;0;1;
202400042429;155 707 020;B01;2;7;0;2;4;1;1;
202400042429;155 707 021;A01;2;31;0;2;1;1;1;
202400042831;155 706 343;B01;1;7;0;2;2;1;2;
202400042831;155 706 344;A01;3;1;0;2;1;9;5;
202400042832;155 706 341;A01;1;30;0;2;3;1;1;
202400042832;155 706 342;B01;1;7;0;2;5;16;1;
202400043023;155 706 024;A01;1;7;0;9;1;0;1;
202400043023;155 706 026;C01;1;1;0;0;4;1;5;
202400043023;155 706 028;D01;1;1;0;0;4;1;5;
202400043023;155 706 029;B01;1;1;0;0;4;1;5;
202400043065;155 705 955;A01;1;7;0;2;2;15;1;
202400043065;155 705 957;B01;2;33;0;2;8;1;1;
202400043118;155 705 862;A01;1;10;0;2;3;15;1;
202400043118;155 705 866;B01;2;2;1;0;8;1;3;
202400043243;155 705 635;B01;1;1;0;2;8;9;5;
202400043243;155 705 638;A01;1;7;0;2;2;9;1;
202400043468;155 705 221;A01;1;7;0;2;3;1;1;
202400043468;155 705 226;B01;1;31;0;2;2;2;1;
202400043593;155 704 997;C01;2;7;0;2;1;1;1;
202400043593;155 704 999;B01;2;7;0;2;1;1;1;
202400043593;155 705 003;A01;1;16;0;2;1;13;1;
202400043646;155 704 900;A01;1;7;0;9;8;15;1;
202400043646;155 704 902;B01;2;50;0;2;1;1;3;
202400043650;155 704 894;A01;2;7;0;2;3;9;1;
202400043650;155 704 895;B01;1;50;0;2;2;1;3;
202400043653;155 704 889;A01;2;7;0;2;7;16;1;
202400043653;155 704 891;B01;2;2;0;2;1;1;1;
202400043657;155 704 883;A01;1;7;0;2;2;15;1;
202400043657;155 704 886;B01;2;50;0;2;1;1;3;
202400043660;155 704 877;B01;2;10;0;2;3;1;1;
202400043660;155 704 881;A01;1;30;0;2;1;26;1;
202400043739;155 704 720;A01;1;2;0;2;2;5;1;
202400043739;155 704 723;B01;1;10;0;2;7;9;1;
202400044002;155 704 300;A01;3;14;8;0;1;16;1;
202400044116;155 704 102;A01;0;7;0;2;1;0;1;
202400044116;155 704 106;B01;0;2;0;2;1;16;0;
202400044179;155 703 994;A01;2;50;0;2;7;15;3;
202400044179;155 703 996;B01;1;7;0;2;1;1;1;
202400044192;155 703 973;A01;3;10;0;0;9;1;1;
202400044193;155 703 972;A01;1;7;0;2;3;1;1;
202400044193;155 703 974;B01;1;7;0;2;3;1;1;
202400044262;155 703 846;A01;2;7;0;2;3;1;1;
202400044262;155 703 849;B01;1;7;0;2;1;5;1;
202400044270;155 703 829;B01;1;1;0;2;4;1;5;
202400044270;155 703 831;A01;1;7;0;2;3;1;2;
202400044274;155 703 821;A01;1;2;0;2;1;1;1;
202400044274;155 703 824;B01;3;2;0;2;1;1;1;
202400044516;155 703 388;C01;2;2;0;9;7;2;1;
202400044516;155 703 390;A01;2;50;0;9;1;2;3;
202400044516;155 703 392;B01;2;1;0;9;8;1;5;
202400044519;155 703 385;A01;2;10;0;1;0;1;1;
202400044884;155 702 755;A01;1;7;0;2;1;9;0;
202400044884;155 702 757;B01;1;2;0;2;1;1;0;
202400044916;155 702 698;A01;1;10;0;1;2;26;1;
202400044980;155 702 575;A01;3;30;0;2;1;1;1;
202400044980;155 702 579;B01;1;7;0;2;2;1;1;
202400044986;155 702 567;B01;2;2;0;2;1;1;1;
202400044986;155 702 570;A01;2;7;0;9;3;15;1;
202400044992;155 702 557;A01;3;30;14;0;1;1;1;
202400044998;155 702 541;A01;1;7;14;2;1;1;1;
202400044998;155 702 545;B01;1;7;0;2;4;1;1;
202400044998;155 702 547;C01;1;7;0;2;0;0;1;
202400045160;155 702 254;A01;1;7;0;2;6;15;1;
202400045160;155 702 257;B01;2;34;0;2;2;21;1;
202400045188;155 702 201;A01;3;36;0;2;3;13;1;
202400045188;155 702 206;B01;3;31;0;2;1;1;1;
202400045406;155 701 827;A01;3;7;0;2;8;15;1;
202400045406;155 701 828;B01;3;33;0;2;1;1;1;
202400045534;155 701 598;A01;1;30;0;0;0;1;1;
202400045535;155 701 592;A01;1;13;0;2;4;1;1;
202400045535;155 701 594;B01;1;10;0;2;4;15;1;
202400045542;155 701 581;A01;2;7;0;2;7;15;1;
202400045542;155 701 585;B01;2;2;0;2;1;26;1;
202400045543;155 701 580;B01;1;33;0;2;7;1;1;
202400045543;155 701 589;A01;1;30;0;2;1;16;1;
202400045546;155 701 572;B01;2;2;0;2;7;0;1;
202400045546;155 701 575;A01;2;7;0;9;8;15;2;
202400045991;155 700 787;A01;1;30;0;0;0;1;1;
202400046089;155 700 616;B01;1;1;0;2;7;1;5;
202400046089;155 700 618;Z01;2;7;0;2;1;16;1;
202400046576;155 699 733;A01;1;50;0;2;8;1;3;
202400046576;155 699 734;B01;2;7;0;2;1;15;1;
202400046577;155 699 729;A01;1;7;0;2;1;2;1;
202400046577;155 699 732;B01;1;2;0;0;9;1;1;
202400046580;155 699 723;B01;2;7;0;2;7;1;1;
202400046580;155 699 726;A01;1;2;0;2;7;15;1;
202400046582;155 699 716;B01;2;7;0;2;8;1;1;
202400046582;155 699 718;C01;2;7;0;2;6;24;1;
202400046582;155 699 720;A01;2;10;0;2;1;9;1;
202400046714;155 699 489;A01;2;7;0;2;2;17;1;
202400046714;155 699 491;B01;2;2;0;2;3;26;1;
202400046762;155 699 406;A01;1;7;0;9;1;13;1;
202400046762;155 699 408;B01;2;2;0;2;1;2;1;
202400046764;155 699 402;B01;1;7;0;2;0;0;0;
202400046764;155 699 403;A01;1;1;0;2;0;0;5;
202400047130;155 698 758;A01;1;30;0;2;1;14;1;
202400047130;155 698 765;B01;1;7;0;2;6;14;1;
202400047344;155 698 382;A01;1;7;2;0;1;1;1;
202400047356;155 698 365;A01;3;32;0;2;2;1;1;
202400047356;155 698 369;B01;3;31;0;2;1;1;1;
202400047506;155 698 120;A01;3;7;16;0;2;14;1;
202400047506;155 698 124;B01;3;2;1;0;8;0;1;
202400047751;155 697 691;A01;1;33;0;2;1;1;1;
202400047751;155 697 696;B01;2;10;0;2;5;15;1;
202400047757;155 697 681;Z01;1;7;0;2;0;26;1;
202400047757;155 697 684;B01;2;33;0;2;1;1;1;
202400047857;155 697 516;A01;3;33;0;1;1;0;1;
202400048066;155 697 155;A01;2;7;0;1;6;26;1;
202400048072;155 697 147;A01;2;30;0;1;1;3;1;
202400048127;155 697 049;A01;1;2;0;0;0;0;1;
202400048127;155 697 052;B01;1;7;0;2;1;0;0;
202400048131;155 697 044;A01;1;7;0;0;5;15;2;
202400048131;155 697 048;B01;1;2;0;2;1;16;1;
202400048352;155 696 651;A01;1;50;0;2;7;12;3;
202400048352;155 696 655;B01;2;10;0;2;1;1;1;
202400048356;155 696 641;A01;1;7;0;2;8;10;1;
202400048356;155 696 645;B01;1;33;0;2;1;1;1;
202400048360;155 696 634;A01;1;7;0;9;3;13;1;
202400048360;155 696 636;B01;1;31;0;2;7;1;0;
202400048709;155 695 999;A01;3;7;0;2;8;13;1;
202400048709;155 696 001;B01;3;2;0;2;2;1;1;
202400048712;155 695 994;A01;1;7;0;2;0;26;1;
202400048712;155 695 996;B01;1;7;0;2;0;0;1;
202400048834;155 695 785;A01;1;7;0;0;3;1;1;
202400048834;155 695 790;B01;1;2;0;0;4;0;1;
202400048851;155 695 753;A01;2;7;0;2;3;0;1;
202400048851;155 695 757;B01;1;7;0;2;3;0;1;
202400048855;155 695 742;B01;2;7;8;2;4;2;1;
202400048855;155 695 746;A01;2;10;0;2;1;2;1;
202400048971;155 695 528;B01;1;2;0;2;8;1;1;
202400048971;155 695 530;A01;2;10;0;2;1;10;1;
202400048975;155 695 521;A01;3;50;0;2;1;1;3;
202400048975;155 695 525;B01;3;7;0;2;1;1;1;
202400049023;155 695 427;A01;1;7;0;2;1;1;1;
202400049023;155 695 431;B01;1;2;0;2;1;1;1;
202400049035;155 695 405;A01;3;7;0;2;3;15;1;
202400049035;155 695 417;B01;3;1;0;2;0;13;5;
202400049042;155 695 391;A01;3;30;0;2;2;1;1;
202400049042;155 695 395;B01;3;7;1;2;1;15;1;
202400049060;155 695 364;Z01;3;30;0;2;1;19;0;
202400049060;155 695 366;A01;1;30;0;2;8;15;1;
202400049065;155 695 352;A01;1;10;0;2;2;16;1;
202400049065;155 695 356;B01;1;50;0;2;1;1;3;
202400049076;155 695 331;C01;1;7;0;2;4;2;1;
202400049076;155 695 338;A01;1;7;0;2;4;2;1;
202400049076;155 695 342;B01;1;7;0;2;4;1;1;
202400049094;155 695 301;A01;1;7;0;2;2;15;1;
202400049094;155 695 307;B01;2;30;0;2;9;12;1;
202400049259;155 695 019;A01;2;7;0;0;1;1;1;
202400049468;155 694 641;A01;1;7;0;2;3;15;1;
202400049468;155 694 644;B01;2;30;0;2;8;1;1;
202400049477;155 694 626;A01;1;7;1;0;1;1;1;
202400049477;155 694 629;B01;3;7;0;2;7;24;1;
202400049483;155 694 611;A01;1;7;0;1;7;9;1;
202400049493;155 694 594;A01;1;7;0;1;2;1;1;
202400049534;155 694 521;B01;2;1;0;2;1;1;5;
202400049534;155 694 523;A01;1;7;0;2;2;13;1;
202400049919;155 693 827;B01;1;2;0;2;1;1;1;
202400049919;155 693 834;A01;1;7;0;2;5;1;1;
202400050130;155 693 457;A01;1;30;0;2;3;17;1;
202400050130;155 693 462;B01;1;7;0;2;3;15;1;
202400050135;155 693 444;A01;2;50;0;2;1;26;3;
202400050135;155 693 448;B01;1;50;0;2;1;26;3;
202400050216;155 693 293;B01;1;1;0;2;3;2;5;
202400050216;155 693 299;A01;1;7;0;2;2;19;2;
202400050223;155 693 281;A01;1;7;0;2;2;1;1;
202400050223;155 693 286;B01;1;2;0;2;1;1;1;
202400050442;155 692 898;A01;1;7;0;2;3;15;1;
202400050442;155 692 901;B01;1;33;0;2;1;17;1;
202400050451;155 692 881;A01;1;7;0;2;2;2;1;
202400050451;155 692 883;B01;1;7;0;2;4;2;1;
202400050452;155 692 880;A01;1;7;0;0;0;0;1;
202400050457;155 692 872;B01;1;2;0;2;1;1;1;
202400050457;155 692 877;A01;1;7;0;2;7;1;1;
202400050527;155 692 763;B01;1;2;0;2;7;1;1;
202400050736;155 692 419;A01;1;2;0;2;3;18;1;
202400050736;155 692 422;B01;1;10;0;2;2;16;1;
202400050757;155 692 387;A01;3;2;0;1;2;1;1;
202400050876;155 692 185;A01;1;10;0;2;1;9;1;
202400050876;155 692 193;C01;1;7;0;2;4;1;1;
202400050876;155 692 197;B01;1;7;0;2;4;1;1;
202400051055;155 691 894;A01;3;7;1;0;1;1;1;
202400051055;155 691 897;B01;3;7;0;2;4;0;1;
202400051079;155 691 853;A01;1;2;0;0;6;1;1;
202400051079;155 691 860;B01;3;10;0;2;1;1;1;
202400051136;155 691 759;A01;1;7;0;9;5;11;1;
202400051136;155 691 763;B01;1;2;0;2;7;1;1;
202400051149;155 691 737;A01;1;2;0;2;0;0;0;
202400051149;155 691 747;B01;1;7;0;2;3;1;1;
202400051164;155 691 712;A01;1;2;1;0;1;1;1;
202400051164;155 691 720;B01;1;7;0;2;6;0;1;
202400051308;155 691 471;A01;1;7;0;2;8;1;1;
202400051308;155 691 480;B01;1;50;0;2;0;1;3;
202400051318;155 691 452;A01;1;7;0;2;7;15;1;
202400051318;155 691 458;B01;2;30;0;2;1;1;1;
202400051331;155 691 437;A01;3;7;0;1;1;1;1;
202400051337;155 691 422;A01;3;34;0;0;0;13;1;
202400051407;155 691 305;A01;1;7;0;1;1;1;1;
202400051475;155 691 186;A01;2;33;0;0;0;0;1;
202400051505;155 691 137;B01;2;2;13;0;4;2;3;
202400051505;155 691 141;A01;2;10;0;2;2;2;1;
202400051599;155 690 972;A01;1;2;0;9;1;10;1;
202400051599;155 690 979;B01;2;2;0;9;6;1;1;
202400051606;155 690 959;A01;1;7;0;2;3;15;2;
202400051606;155 690 961;B01;2;2;0;2;1;1;1;
202400051753;155 690 706;A01;1;7;0;2;1;14;1;
202400051753;155 690 710;B01;2;7;0;2;1;26;2;
202400051764;155 690 686;A01;1;7;0;2;0;0;1;
202400051764;155 690 694;B01;2;50;0;2;8;19;3;
202400051871;155 690 500;A01;3;7;0;1;2;1;1;
202400051877;155 690 487;A01;3;30;0;9;1;15;1;
202400051877;155 690 498;B01;2;1;0;2;1;16;5;
202400051884;155 690 480;A01;1;2;9;0;1;1;1;
202400051889;155 690 464;A01;1;7;0;2;1;1;1;
202400051889;155 690 469;B01;2;2;0;2;1;13;1;
202400051986;155 690 296;B01;2;50;0;2;1;1;3;
202400051986;155 690 308;A01;2;7;0;2;5;1;1;
202400052186;155 689 947;A01;1;2;0;2;8;3;1;
202400052186;155 689 949;B01;1;7;0;2;8;0;1;
202400052191;155 689 943;A01;1;30;14;0;1;1;1;
202400052237;155 689 862;A01;3;7;0;2;2;1;1;
202400052237;155 689 866;B01;3;10;0;2;3;26;1;
202400052269;155 689 808;A01;1;7;0;2;0;9;1;
202400052269;155 689 811;B01;3;7;0;2;6;1;1;
202400052270;155 689 807;A01;1;7;0;2;1;17;1;
202400052270;155 689 810;B01;2;7;0;2;1;1;1;
202400052402;155 689 574;B01;1;50;0;2;8;1;3;
202400052402;155 689 580;A01;3;37;0;2;1;9;1;1
202400052828;155 688 848;B01;2;33;0;2;1;1;1;
202400052828;155 688 858;A01;1;7;0;2;2;15;1;
202400053076;155 688 419;A01;3;7;0;2;3;15;1;
202400053076;155 688 425;B01;3;7;0;2;8;26;1;
202400053087;155 688 396;A01;2;10;0;2;1;1;1;
202400053087;155 688 402;B01;2;2;0;2;5;23;1;
202400053097;155 688 380;A01;1;7;0;2;3;15;1;
202400053097;155 688 387;B01;1;7;0;2;2;17;1;
202400053141;155 688 304;A01;1;7;0;2;1;1;1;
202400053141;155 688 308;B01;1;50;0;2;7;1;3;
202400053150;155 688 287;A01;2;7;0;2;7;2;1;
202400053150;155 688 292;B01;2;2;0;2;7;1;1;
202400053425;155 687 816;Z01;1;7;0;2;0;2;6;
202400053425;155 687 821;A01;1;2;0;2;4;1;1;
202400053434;155 687 804;A01;1;10;0;2;2;20;1;
202400053434;155 687 810;B01;1;30;0;2;1;1;0;
202400053445;155 687 786;A01;3;7;0;2;3;15;3;
202400053445;155 687 796;B01;3;50;0;2;0;0;3;
202400053449;155 687 777;A01;1;31;0;2;8;1;1;
202400053458;155 687 761;A01;1;10;0;2;5;24;1;
202400053458;155 687 765;B01;1;2;0;2;1;2;1;
202400053475;155 687 734;A01;1;2;0;0;0;0;1;
202400053780;155 687 199;A01;2;50;8;0;1;25;3;
202400053788;155 687 183;A01;2;7;0;2;2;2;1;
202400053788;155 687 189;B01;2;2;0;2;3;13;1;
202400053802;155 687 157;A01;1;7;14;2;1;19;1;
202400053802;155 687 162;B01;1;7;14;2;3;1;1;
202400053891;155 686 995;A01;2;7;0;2;2;15;1;
202400053891;155 686 999;B01;2;2;0;2;1;18;1;
202400053985;155 686 829;B01;1;2;0;2;1;1;1;
202400053985;155 686 835;A01;1;10;0;2;7;15;1;
202400054141;155 686 564;A01;3;7;0;1;3;1;1;